"ISO time"	"unixtime"	"track name"	"track mbid"	"artist name"	"artist mbid"	"uncorrected track name"	"uncorrected track mbid"	"uncorrected artist name"	"uncorrected artist mbid"
"2009-06-10T11:43:43"	"1244634223"	"Scumgrief [Deep Dub Trauma Mix]"	""	"Fear Factory"	"c17f08f4-2542-46fb-97f3-3202d60c225a"	"Scumgrief [Deep Dub Trauma Mix]"	""	"Fear Factory"	"c17f08f4-2542-46fb-97f3-3202d60c225a"
"2009-07-12T04:04:10"	"1247371450"	"Kill The Turkey (Live)"	""	"Gregory and the Hawk"	"3f180da3-4d5e-4678-957c-15ccdb123d84"	"Kill The Turkey (Live)"	""	"Gregory and the Hawk"	"3f180da3-4d5e-4678-957c-15ccdb123d84"
"2009-08-27T13:15:08"	"1251378908"	"Purple Bounce (Jimi Hendrix vs. Chemical Brothers)"	""	"DJ Lobsterdust"	"be00aab1-4b85-433c-92f0-39409436f8af"	"Purple Bounce (Jimi Hendrix vs. Chemical Brothers)"	""	"DJ Lobsterdust"	"be00aab1-4b85-433c-92f0-39409436f8af"
"2011-04-15T11:58:18"	"1302868698"	"Hot Flush"	"bf49956a-fe6e-4408-9c4d-31ee00d068df"	"Red Snapper"	"89abed31-3a93-407e-a4a3-a94e193488cd"	"Hot Flush"	"bf49956a-fe6e-4408-9c4d-31ee00d068df"	"Red Snapper"	"89abed31-3a93-407e-a4a3-a94e193488cd"
"2011-04-16T13:27:04"	"1302960424"	"Deja Vu"	"aaff484f-488d-4c37-9bf1-dd3fb9f2de06"	"Crosby, Stills & Nash"	"cfafad90-b736-4c74-8ded-f3f4d7b2c792"	"Deja Vu"	"aaff484f-488d-4c37-9bf1-dd3fb9f2de06"	"Crosby, Stills & Nash"	"cfafad90-b736-4c74-8ded-f3f4d7b2c792"
"2011-04-16T13:27:37"	"1302960457"	"Helplessly Hoping"	"0cd9a738-d994-435a-a92a-33b74ea0f853"	"Crosby, Stills & Nash"	"cfafad90-b736-4c74-8ded-f3f4d7b2c792"	"Helplessly Hoping"	"0cd9a738-d994-435a-a92a-33b74ea0f853"	"Crosby, Stills & Nash"	"cfafad90-b736-4c74-8ded-f3f4d7b2c792"
"2011-04-17T05:30:33"	"1303018233"	"Bob Gandhi"	"05fe82f5-8cad-4aed-be71-d99927f8ad01"	"Ratatat"	"f467181e-d5e0-4285-b47e-e853dcc89ee7"	"Bob Gandhi"	"05fe82f5-8cad-4aed-be71-d99927f8ad01"	"Ratatat"	"f467181e-d5e0-4285-b47e-e853dcc89ee7"
"2011-04-17T05:30:35"	"1303018235"	"Jealous Of Roses"	"f83c04a6-40f9-4f6a-af30-8e7a9fa45016"	"Bibio"	"9f9953f0-68bb-4ce3-aace-2f44c87f0aa3"	"Jealous Of Roses"	"f83c04a6-40f9-4f6a-af30-8e7a9fa45016"	"Bibio"	"9f9953f0-68bb-4ce3-aace-2f44c87f0aa3"
"2011-04-17T05:35:26"	"1303018526"	"Fire Ant"	"e764892a-1a90-417a-88b3-8a479081453c"	"Bibio"	"9f9953f0-68bb-4ce3-aace-2f44c87f0aa3"	"Fire Ant"	"e764892a-1a90-417a-88b3-8a479081453c"	"Bibio"	"9f9953f0-68bb-4ce3-aace-2f44c87f0aa3"
"2011-04-24T11:59:39"	"1303646379"	"Flow Like A River"	"d9cdb2da-e0e1-4fe9-8d42-ca0542062bc5"	"Nick Lovell"	"20720ab5-80ac-44d4-8345-4d8713bca16d"	"Flow Like A River"	"d9cdb2da-e0e1-4fe9-8d42-ca0542062bc5"	"Nick Lovell"	"20720ab5-80ac-44d4-8345-4d8713bca16d"
"2011-04-24T12:00:13"	"1303646413"	"Lady And The Crow"	"0f214c9a-c39f-453b-9224-aff7b9d49873"	"Nick Lovell"	"20720ab5-80ac-44d4-8345-4d8713bca16d"	"Lady And The Crow"	"0f214c9a-c39f-453b-9224-aff7b9d49873"	"Nick Lovell"	"20720ab5-80ac-44d4-8345-4d8713bca16d"
"2011-04-27T10:28:58"	"1303900138"	"A Night In Torino"	"85131a19-541a-4e94-9cfe-3f29993b0e76"	"Parov Stelar"	"127d512f-fc09-4551-b1e0-557226ccff00"	"A Night In Torino"	"85131a19-541a-4e94-9cfe-3f29993b0e76"	"Parov Stelar"	"127d512f-fc09-4551-b1e0-557226ccff00"
"2011-04-27T11:29:19"	"1303903759"	"a night in torino"	""	"Parov Stelar and Band"	""	"a night in torino"	""	"Parov Stelar and Band"	""
"2011-05-08T01:07:22"	"1304816842"	"Never"	"8b2cdea6-56f8-479c-b3bf-32b70691e02c"	"Lyn Leon"	"92d125fd-d528-49b7-8ed1-0bdc44a44542"	"Never"	"8b2cdea6-56f8-479c-b3bf-32b70691e02c"	"Lyn Leon"	"92d125fd-d528-49b7-8ed1-0bdc44a44542"
"2011-05-09T19:42:49"	"1304970169"	"Fahrenheit Fair Enough"	"b79359d6-4408-4d51-ad45-528706fb23f4"	"Telefon Tel Aviv"	"453f1594-112e-4d3c-921a-8d14e9c97b2e"	"Fahrenheit Fair Enough"	"b79359d6-4408-4d51-ad45-528706fb23f4"	"Telefon Tel Aviv"	"453f1594-112e-4d3c-921a-8d14e9c97b2e"
"2011-05-10T23:38:34"	"1305070714"	"220 V / Spektral"	""	"Jaga Jazzist"	"5c71ea68-9238-4dfc-8519-bd6eff6bc28b"	"220 V / Spektral"	""	"Jaga Jazzist"	"5c71ea68-9238-4dfc-8519-bd6eff6bc28b"
"2011-05-17T01:48:59"	"1305596939"	"Lovers' Carvings"	""	"Bibio"	"9f9953f0-68bb-4ce3-aace-2f44c87f0aa3"	"Lovers' Carvings"	""	"Bibio"	"9f9953f0-68bb-4ce3-aace-2f44c87f0aa3"
"2011-05-18T07:18:47"	"1305703127"	"Ham 'N' Eggs"	""	"A Tribe Called Quest"	"9689aa5a-4471-4fb4-9721-07cecda0fa9f"	"Ham 'N' Eggs"	""	"A Tribe Called Quest"	"9689aa5a-4471-4fb4-9721-07cecda0fa9f"
"2011-05-18T07:25:06"	"1305703506"	"Description Of A Fool"	"5b101c81-f70c-4ff6-9e61-9dba8fae1d94"	"A Tribe Called Quest"	"9689aa5a-4471-4fb4-9721-07cecda0fa9f"	"Description Of A Fool"	"5b101c81-f70c-4ff6-9e61-9dba8fae1d94"	"A Tribe Called Quest"	"9689aa5a-4471-4fb4-9721-07cecda0fa9f"
"2011-05-18T08:17:28"	"1305706648"	"Heartbeats"	"edfb19c0-8796-46ca-9bb6-cf5314e14419"	"José González"	"cd8c5019-5d75-4d5c-bc28-e1e26a7dd5c8"	"Heartbeats"	"edfb19c0-8796-46ca-9bb6-cf5314e14419"	"José González"	"cd8c5019-5d75-4d5c-bc28-e1e26a7dd5c8"
"2011-05-18T10:21:03"	"1305714063"	"Excursions"	"32c57b29-b0b5-490d-be27-a8642d0bdfd9"	"A Tribe Called Quest"	"9689aa5a-4471-4fb4-9721-07cecda0fa9f"	"Excursions"	"32c57b29-b0b5-490d-be27-a8642d0bdfd9"	"A Tribe Called Quest"	"9689aa5a-4471-4fb4-9721-07cecda0fa9f"
"2011-05-18T10:37:28"	"1305715048"	"Settle Down (Live @ Sing Sing)"	""	"Kimbra"	"fad2875e-ba81-4637-b859-4684622dcb1c"	"Settle Down (Live @ Sing Sing)"	""	"Kimbra"	"fad2875e-ba81-4637-b859-4684622dcb1c"
"2011-05-18T20:43:15"	"1305751395"	"Umbrellas"	"1f6bb731-0b5d-4632-8b4d-f6a82a72f8f6"	"Peanut Butter Wolf"	"5e87164c-4c3b-4f2f-91cc-92c06a99c461"	"Umbrellas"	"1f6bb731-0b5d-4632-8b4d-f6a82a72f8f6"	"Peanut Butter Wolf"	"5e87164c-4c3b-4f2f-91cc-92c06a99c461"
"2011-05-22T21:44:56"	"1306100696"	"Tempelhof"	"9a36aa9a-735d-48c6-87da-ad4dab0083a5"	"Julia Kent"	"63733317-8113-413a-8b8b-7ef89cd1f50d"	"Tempelhof"	"9a36aa9a-735d-48c6-87da-ad4dab0083a5"	"Julia Kent"	"63733317-8113-413a-8b8b-7ef89cd1f50d"
"2011-06-05T05:58:00"	"1307253480"	"Sunday"	"e94f4b86-ed59-4975-8440-03679248e262"	"David Bowie"	"5441c29d-3602-4898-b1a1-b77fa23b8e50"	"Sunday"	"e94f4b86-ed59-4975-8440-03679248e262"	"David Bowie"	"5441c29d-3602-4898-b1a1-b77fa23b8e50"
"2011-06-11T21:07:06"	"1307826426"	"Garbagemx36"	""	"Autechre"	"410c9baf-5469-44f6-9852-826524b80c61"	"Garbagemx36"	""	"Autechre"	"410c9baf-5469-44f6-9852-826524b80c61"
"2011-06-14T20:38:21"	"1308083901"	"Tilapia"	"787618c9-2af8-4898-81e3-96cd36c85766"	"Autechre"	"410c9baf-5469-44f6-9852-826524b80c61"	"Tilapia"	"787618c9-2af8-4898-81e3-96cd36c85766"	"Autechre"	"410c9baf-5469-44f6-9852-826524b80c61"
"2011-06-15T20:37:00"	"1308170220"	"Corporate Cloning"	"ce8954dd-a919-49a4-82b0-9dde22a17ff1"	"Fear Factory"	"c17f08f4-2542-46fb-97f3-3202d60c225a"	"Corporate Cloning"	"ce8954dd-a919-49a4-82b0-9dde22a17ff1"	"Fear Factory"	"c17f08f4-2542-46fb-97f3-3202d60c225a"
"2011-06-15T20:38:44"	"1308170324"	"Big God / Raped Souls"	"472c305c-a6ab-4694-9752-2025846d8a1c"	"Fear Factory"	"c17f08f4-2542-46fb-97f3-3202d60c225a"	"Big God Raped Souls"	"8429f16d-5d56-4b3e-8f3d-400cb0892fc5"	"Fear Factory"	"c17f08f4-2542-46fb-97f3-3202d60c225a"
"2011-06-18T22:50:46"	"1308437446"	"A Long Walk (A Touch Of Jazz Mix) + Jazzanova L.O.V.E. Beats"	""	"Jill Scott"	"b1fb6a18-1626-4011-80fb-eaf83dfebcb6"	"A Long Walk (A Touch Of Jazz Mix) + Jazzanova L.O.V.E. Beats"	""	"Jill Scott"	"b1fb6a18-1626-4011-80fb-eaf83dfebcb6"
"2011-06-18T22:55:54"	"1308437754"	"Get It Together"	"92dc7e56-bbd3-4434-9e24-b180de85e126"	"Beastie Boys"	"9beb62b2-88db-4cea-801e-162cd344ee53"	"Get It Together"	"92dc7e56-bbd3-4434-9e24-b180de85e126"	"Beastie Boys"	"9beb62b2-88db-4cea-801e-162cd344ee53"
"2011-06-18T23:02:21"	"1308438141"	"Duran Duran vs DJ Khaled - Holla At Dem Girls On Film (lobsterdust mash)"	""	"DJ Lobsterdust"	"be00aab1-4b85-433c-92f0-39409436f8af"	"Duran Duran vs DJ Khaled - Holla At Dem Girls On Film (lobsterdust mash)"	""	"DJ Lobsterdust"	"be00aab1-4b85-433c-92f0-39409436f8af"
"2011-06-18T23:57:56"	"1308441476"	"Restless Booty (Ying Yang Twins ft. Jacki-O vs. UNKLE)"	""	"DJ Lobsterdust"	"be00aab1-4b85-433c-92f0-39409436f8af"	"Restless Booty (Ying Yang Twins ft. Jacki-O vs. UNKLE)"	""	"DJ Lobsterdust"	"be00aab1-4b85-433c-92f0-39409436f8af"
"2011-06-19T00:10:32"	"1308442232"	"SaySayism Allstar Jam"	""	"DJ Lobsterdust"	"be00aab1-4b85-433c-92f0-39409436f8af"	"SaySayism Allstar Jam"	""	"DJ Lobsterdust"	"be00aab1-4b85-433c-92f0-39409436f8af"
"2011-06-19T00:47:43"	"1308444463"	"Unk vs. Avril Lavigne ft. Toni Basil - Walkin Out Yo Girlfriend (lobsterdust mash)"	""	"DJ Lobsterdust"	"be00aab1-4b85-433c-92f0-39409436f8af"	"Unk vs. Avril Lavigne ft. Toni Basil - Walkin Out Yo Girlfriend (lobsterdust mash)"	""	"DJ Lobsterdust"	"be00aab1-4b85-433c-92f0-39409436f8af"
"2011-06-19T02:32:31"	"1308450751"	"Be Still My Burning Shadow (Sting vs. UNKLE)"	""	"DJ Lobsterdust"	"be00aab1-4b85-433c-92f0-39409436f8af"	"Be Still My Burning Shadow (Sting vs. UNKLE)"	""	"DJ Lobsterdust"	"be00aab1-4b85-433c-92f0-39409436f8af"
"2011-06-19T03:23:37"	"1308453817"	"Borny Rappinghood (CCR vs. Tom Tom Club)"	""	"DJ Lobsterdust"	"be00aab1-4b85-433c-92f0-39409436f8af"	"Borny Rappinghood (CCR vs. Tom Tom Club)"	""	"DJ Lobsterdust"	"be00aab1-4b85-433c-92f0-39409436f8af"
"2011-06-19T03:37:57"	"1308454677"	"Live at Bootie San Francisco (FEB 2008)"	""	"DJ Lobsterdust"	"be00aab1-4b85-433c-92f0-39409436f8af"	"lobsterdust--Live at Bootie San Francisco (FEB 2008)"	""	"DJ Lobsterdust"	"be00aab1-4b85-433c-92f0-39409436f8af"
"2011-06-22T08:03:29"	"1308729809"	"So What"	"a3df9955-c297-4174-89a2-e1330d73358d"	"Miles Davis"	"561d854a-6a28-4aa7-8c99-323e6ce46c2a"	"So What"	"a3df9955-c297-4174-89a2-e1330d73358d"	"Miles Davis"	"561d854a-6a28-4aa7-8c99-323e6ce46c2a"
"2011-06-30T12:44:45"	"1309437885"	"Black Eyes"	"58105c92-3315-4810-9c67-a47fba9a215b"	"Gallows"	"4cb159df-bd09-4f42-bfec-09b6a248a52f"	"Black Eyes"	"58105c92-3315-4810-9c67-a47fba9a215b"	"Gallows"	"4cb159df-bd09-4f42-bfec-09b6a248a52f"
"2011-06-30T12:51:11"	"1309438271"	"Death Voices"	"9e062d8e-2be1-44b7-8198-d6c8394e19e9"	"Gallows"	"4cb159df-bd09-4f42-bfec-09b6a248a52f"	"Death Voices"	"9e062d8e-2be1-44b7-8198-d6c8394e19e9"	"Gallows"	"4cb159df-bd09-4f42-bfec-09b6a248a52f"
"2011-06-30T12:59:06"	"1309438746"	"The Vulture (Acts I & II)"	"eb1daec0-48f6-4cd6-87e6-85e79ccb87a8"	"Gallows"	"4cb159df-bd09-4f42-bfec-09b6a248a52f"	"The Vulture (Acts I & II)"	"eb1daec0-48f6-4cd6-87e6-85e79ccb87a8"	"Gallows"	"4cb159df-bd09-4f42-bfec-09b6a248a52f"
"2011-07-02T12:03:21"	"1309608201"	"Sull Lull"	"7ced8903-1791-4832-8a9f-6462a2cfb342"	"Jan Garbarek, Anouar Brahem, Shaukat Hussain"	""	"Sull Lull"	"7ced8903-1791-4832-8a9f-6462a2cfb342"	"Jan Garbarek, Anouar Brahem, Shaukat Hussain"	""
"2011-07-14T13:21:36"	"1310649696"	"LiesLiesLies"	"fa6bdfdb-adfb-4361-8583-ec161619c52c"	"Ministry"	"13df2a46-f72f-40e7-aa63-26fcf62c7048"	"LiesLiesLies"	"fa6bdfdb-adfb-4361-8583-ec161619c52c"	"Ministry"	"13df2a46-f72f-40e7-aa63-26fcf62c7048"
"2011-11-03T14:59:17"	"1320332357"	"The Black Keys - Lonely Boy"	""	"The Black Keys"	"d15721d8-56b4-453d-b506-fc915b14cba2"	"The Black Keys - Lonely Boy"	""	"The Black Keys"	"d15721d8-56b4-453d-b506-fc915b14cba2"
"2011-11-21T13:52:49"	"1321883569"	"Cameron Bonde - p9"	""	"Octamed"	""	"Cameron Bonde - p9"	""	"Octamed"	""
"2011-11-24T14:31:07"	"1322145067"	"The Green Green Grass"	"865bac42-03c6-41d0-9846-96ff87c69f5c"	"The American Analog Set"	"7f5dde96-1573-4491-9673-f03fe7c5caaa"	"The Green Green Grass"	"865bac42-03c6-41d0-9846-96ff87c69f5c"	"The American Analog Set"	"7f5dde96-1573-4491-9673-f03fe7c5caaa"
"2012-02-01T22:59:06"	"1328137146"	"Dragonfly Across An Ancient Sky"	"4544ca15-f18d-4111-ae52-b57e6841f608"	"Helios"	"12353147-6610-4fa2-8b7b-a8336078093d"	"Dragonfly Across An Ancient Sky"	"4544ca15-f18d-4111-ae52-b57e6841f608"	"Helios"	"12353147-6610-4fa2-8b7b-a8336078093d"
"2012-02-02T01:58:25"	"1328147905"	"Tell Me a Bedtime Story"	"25f28460-7734-432a-9d2f-879f90c16035"	"Herbie Hancock"	"27613b78-1b9d-4ec3-9db5-fa0743465fdd"	"Tell Me a Bedtime Story"	"25f28460-7734-432a-9d2f-879f90c16035"	"Herbie Hancock"	"27613b78-1b9d-4ec3-9db5-fa0743465fdd"
"2012-02-02T02:37:50"	"1328150270"	"Vein Melter"	"63d6c2fa-98be-4210-9861-5045085245c3"	"Herbie Hancock"	"27613b78-1b9d-4ec3-9db5-fa0743465fdd"	"Vein Melter"	"63d6c2fa-98be-4210-9861-5045085245c3"	"Herbie Hancock"	"27613b78-1b9d-4ec3-9db5-fa0743465fdd"
"2012-02-02T02:47:12"	"1328150832"	"77%"	"75078c66-7f9a-4a32-8df2-7eabbc135e4d"	"The Herd"	"1f27b38b-eb34-4545-8d8c-f33b9015fa05"	"77%"	"75078c66-7f9a-4a32-8df2-7eabbc135e4d"	"The Herd"	"1f27b38b-eb34-4545-8d8c-f33b9015fa05"
"2012-02-02T03:59:14"	"1328155154"	"Little Lights (Ft Syd Matters)"	""	"Ane Brun"	"d735497b-25f9-4503-8fb5-f50150730c18"	"Little Lights (Ft Syd Matters)"	""	"Ane Brun"	"d735497b-25f9-4503-8fb5-f50150730c18"
"2012-02-08T10:08:19"	"1328695699"	"Sandálek"	"3b38b186-7c29-48fc-9365-73aba542da9f"	"Floex"	"24b70d13-85ab-410b-a044-2cca4600b1e1"	"Sandalek"	""	"Floex"	"24b70d13-85ab-410b-a044-2cca4600b1e1"
"2012-02-20T10:57:19"	"1329735439"	"Bring Down the birds"	"58e5b7c0-6c0d-42db-9dea-74a6f90a13f0"	"Herbie Hancock"	"27613b78-1b9d-4ec3-9db5-fa0743465fdd"	"Bring Down the birds"	"58e5b7c0-6c0d-42db-9dea-74a6f90a13f0"	"Herbie Hancock"	"27613b78-1b9d-4ec3-9db5-fa0743465fdd"
"2012-02-20T11:14:31"	"1329736471"	"Ike's Rap II"	"df7f8e68-b1f5-4dee-8498-5fce8327ed05"	"Isaac Hayes"	"a2361c7d-ddb6-41c1-a9a0-be09fbbb8d21"	"Ikes Rap II"	""	"Isaac Hayes"	"a2361c7d-ddb6-41c1-a9a0-be09fbbb8d21"
"2012-02-22T15:25:30"	"1329924330"	"Ain't No Easy Way"	""	"Black Rebel Motorcycle Club"	"32b90c92-9978-4a07-90eb-caa4b22f4907"	"Ain't No Easy Way"	""	"Black Rebel Motorcycle Club"	"32b90c92-9978-4a07-90eb-caa4b22f4907"
"2012-02-22T17:03:51"	"1329930231"	"Gimme! Gimme! Gimme! (A Man After Midnight)"	"00e42b48-ed41-4655-bfb2-7ae049361e28"	"ABBA"	"d87e52c5-bb8d-4da8-b941-9f4928627dc8"	"Gimme! Gimme! Gimme! (A Man After Midnight)"	"00e42b48-ed41-4655-bfb2-7ae049361e28"	"ABBA"	"d87e52c5-bb8d-4da8-b941-9f4928627dc8"
"2012-02-22T17:15:27"	"1329930927"	"To One in Paradise"	"c64b6757-a37a-442f-932d-e81a77e413f5"	"The Alan Parsons Project"	"f98711e5-06f7-43ed-8239-da0f61a9c460"	"To One in Paradise"	"c64b6757-a37a-442f-932d-e81a77e413f5"	"The Alan Parsons Project"	"f98711e5-06f7-43ed-8239-da0f61a9c460"
"2012-02-22T17:20:59"	"1329931259"	"I Robot"	"0cd01aca-6801-47d8-9db1-91771bfa18fa"	"The Alan Parsons Project"	"f98711e5-06f7-43ed-8239-da0f61a9c460"	"I Robot"	"0cd01aca-6801-47d8-9db1-91771bfa18fa"	"The Alan Parsons Project"	"f98711e5-06f7-43ed-8239-da0f61a9c460"
"2012-02-22T17:32:37"	"1329931957"	"Some Other Time"	"0b2f7e2b-3d06-45a7-9c7d-2c703300d892"	"The Alan Parsons Project"	"f98711e5-06f7-43ed-8239-da0f61a9c460"	"Some Other Time"	"0b2f7e2b-3d06-45a7-9c7d-2c703300d892"	"The Alan Parsons Project"	"f98711e5-06f7-43ed-8239-da0f61a9c460"
"2012-02-22T17:39:34"	"1329932374"	"Voyager"	"1169a191-404a-4f2f-baa4-0f318f30a812"	"The Alan Parsons Project"	"f98711e5-06f7-43ed-8239-da0f61a9c460"	"Voyager"	"1169a191-404a-4f2f-baa4-0f318f30a812"	"The Alan Parsons Project"	"f98711e5-06f7-43ed-8239-da0f61a9c460"
"2012-02-22T17:47:42"	"1329932862"	"Great Southern Land"	"b0c0cb1b-8b49-48e1-bf18-e45a644a1da2"	"Icehouse"	"335658d3-e73c-4514-84f0-a1677f91a8dd"	"Great Southern Land"	"b0c0cb1b-8b49-48e1-bf18-e45a644a1da2"	"Icehouse"	"335658d3-e73c-4514-84f0-a1677f91a8dd"
"2012-02-22T18:06:27"	"1329933987"	"Glam (instrumental)"	"4ac05d65-112b-46fe-848f-53f6e9b6d655"	"Icehouse"	"335658d3-e73c-4514-84f0-a1677f91a8dd"	"Glam (instrumental)"	"4ac05d65-112b-46fe-848f-53f6e9b6d655"	"Icehouse"	"335658d3-e73c-4514-84f0-a1677f91a8dd"
"2012-02-22T18:38:52"	"1329935932"	"Shine On You Crazy Diamond (Parts I-V)"	"e70a1cf9-9729-4b02-8ae8-ac377b3d1032"	"Pink Floyd"	"83d91898-7763-47d7-b03b-b92132375c47"	"Shine On You Crazy Diamond (Parts I-V)"	"e70a1cf9-9729-4b02-8ae8-ac377b3d1032"	"Pink Floyd"	"83d91898-7763-47d7-b03b-b92132375c47"
"2012-02-22T19:09:31"	"1329937771"	"In the Flesh?"	"42382013-ac4f-4cd8-a954-047a633b4bb5"	"Pink Floyd"	"83d91898-7763-47d7-b03b-b92132375c47"	"In the Flesh?"	"42382013-ac4f-4cd8-a954-047a633b4bb5"	"Pink Floyd"	"83d91898-7763-47d7-b03b-b92132375c47"
"2012-02-26T06:27:55"	"1330237675"	"If I Ever Feel Better"	"ce7234b6-db3a-4117-b521-23a2f36be32e"	"Phoenix"	"02f4c1ff-65e0-4412-8e8b-6239b0faecb5"	"If I Ever Feel Better"	"ce7234b6-db3a-4117-b521-23a2f36be32e"	"Phoenix"	"02f4c1ff-65e0-4412-8e8b-6239b0faecb5"
"2012-02-26T06:35:10"	"1330238110"	"2D2F"	"06df0b02-d700-436c-ae6b-b50d8c027753"	"Avenue D"	"744dd5fc-555e-4530-88f0-54d57dd8ebbf"	"2D2F"	"06df0b02-d700-436c-ae6b-b50d8c027753"	"Avenue D"	"744dd5fc-555e-4530-88f0-54d57dd8ebbf"
"2012-03-03T16:25:26"	"1330791926"	"Hallelujah"	"433f615e-1f19-4973-b9d0-46e9f9c57183"	"Jeff Buckley"	"895ac4f8-d9e5-4a15-8861-e0bd4a9c1507"	"Hallelujah"	"433f615e-1f19-4973-b9d0-46e9f9c57183"	"Jeff Buckley"	"895ac4f8-d9e5-4a15-8861-e0bd4a9c1507"
"2012-03-03T16:32:28"	"1330792348"	"Lover, You Should've Come Over"	"7d9310e5-a385-45e6-a8d7-6481a8bc932b"	"Jeff Buckley"	"895ac4f8-d9e5-4a15-8861-e0bd4a9c1507"	"Lover, You Should've Come Over"	"7d9310e5-a385-45e6-a8d7-6481a8bc932b"	"Jeff Buckley"	"895ac4f8-d9e5-4a15-8861-e0bd4a9c1507"
"2012-03-06T06:04:14"	"1331013854"	"Silver Revolver"	"5c87a555-3208-4e8b-8f8c-90fae6bf7ee4"	"Lady of the Sunshine"	"745e8743-bb38-4fd5-b7ad-ef2bfec4d7f0"	"Silver Revolver"	"5c87a555-3208-4e8b-8f8c-90fae6bf7ee4"	"Lady of the Sunshine"	"745e8743-bb38-4fd5-b7ad-ef2bfec4d7f0"
"2012-03-08T09:43:10"	"1331199790"	"The Rough and the Quick"	"31a5499b-d618-4e2c-babf-2a2f1e2a334a"	"Red Snapper"	"89abed31-3a93-407e-a4a3-a94e193488cd"	"The Rough and the Quick"	"31a5499b-d618-4e2c-babf-2a2f1e2a334a"	"Red Snapper"	"89abed31-3a93-407e-a4a3-a94e193488cd"
"2012-03-08T10:36:42"	"1331203002"	"Fatboy's Dust"	"44595ccb-7dec-48a4-9a78-d32dbd9458ac"	"Red Snapper"	"89abed31-3a93-407e-a4a3-a94e193488cd"	"Fatboy's Dust"	"44595ccb-7dec-48a4-9a78-d32dbd9458ac"	"Red Snapper"	"89abed31-3a93-407e-a4a3-a94e193488cd"
"2012-03-08T16:05:36"	"1331222736"	"Just A Little Bit"	"100604a8-ad87-489a-bf67-12aacf0acf5b"	"Etta James"	"e22d2f66-881e-41ca-9356-544697ee5f90"	"Just A Little Bit"	"100604a8-ad87-489a-bf67-12aacf0acf5b"	"Etta James"	"e22d2f66-881e-41ca-9356-544697ee5f90"
"2012-03-09T09:53:51"	"1331286831"	"Urban Rapsody"	"e8d5ec8b-07bd-476f-974d-50f0c2f8600b"	"Rick James"	"cba9cec2-be8d-41bd-91b4-a1cd7de39b0c"	"Urban Rapsody"	"e8d5ec8b-07bd-476f-974d-50f0c2f8600b"	"Rick James"	"cba9cec2-be8d-41bd-91b4-a1cd7de39b0c"
"2012-03-16T05:01:37"	"1331874097"	"Refractions in the Plastic Pulse (Feebate mix)"	"034be66f-86d9-4a1d-9074-f67c2de08d64"	"Stereolab"	"f1df0431-9250-4ec8-95d8-f19ce7cf7fb6"	"Refractions In The Plastic Pulse (Feebate Mix)"	""	"Stereolab vs. Autechre"	""
"2012-03-16T09:31:42"	"1331890302"	"The Bottom"	"8daf72e8-d8ea-499f-a703-001b948d3799"	"Tomáš Dvořák"	"d6d87219-24e7-4e72-b42a-a72cb82754b4"	"The Bottom"	""	"Tomas Dvorak"	""
"2012-03-16T10:20:47"	"1331893247"	"The End (Prague Radio)"	""	"Tomáš Dvořák"	"d6d87219-24e7-4e72-b42a-a72cb82754b4"	"The End (Prague Radio)"	""	"Tomas Dvorak"	""
"2012-03-16T10:59:17"	"1331895557"	"Precious Creature feat. James Rone"	""	"Floex"	"24b70d13-85ab-410b-a044-2cca4600b1e1"	"Precious Creature feat. James Rone"	""	"Floex"	"24b70d13-85ab-410b-a044-2cca4600b1e1"
"2012-03-16T11:44:30"	"1331898270"	"Pay No Mind (Barber mix)"	"eee383d7-a379-483b-a809-aad5f3c3b610"	"Floex"	"24b70d13-85ab-410b-a044-2cca4600b1e1"	"Pay No Mind (Barber mix)"	"eee383d7-a379-483b-a809-aad5f3c3b610"	"Floex"	"24b70d13-85ab-410b-a044-2cca4600b1e1"
"2012-03-16T11:49:00"	"1331898540"	"Pinky Pong"	"8d351449-3db5-44d5-a232-ac9cb839027f"	"Floex"	"24b70d13-85ab-410b-a044-2cca4600b1e1"	"Pinky Pong"	"8d351449-3db5-44d5-a232-ac9cb839027f"	"Floex"	"24b70d13-85ab-410b-a044-2cca4600b1e1"
"2012-03-16T16:10:20"	"1331914220"	"Casanova"	"7a4ad68a-7402-4890-9b15-a2519c5dff08"	"Floex"	"24b70d13-85ab-410b-a044-2cca4600b1e1"	"Casanova"	"7a4ad68a-7402-4890-9b15-a2519c5dff08"	"Floex"	"24b70d13-85ab-410b-a044-2cca4600b1e1"
"2012-03-16T16:23:26"	"1331915006"	"Defusing the Bomb"	"92e7e3ca-9c82-4a98-b72b-f8f657f18198"	"Tomáš Dvořák"	"d6d87219-24e7-4e72-b42a-a72cb82754b4"	"Defusing The Bomb"	""	"Tomas Dvorak"	""
"2012-03-17T04:17:55"	"1331957875"	"Track 02"	""	"diplo & tripledouble"	""	"Track 02"	""	"diplo & tripledoubl"	""
"2012-03-17T04:33:30"	"1331958810"	"6:30 am (Rhythm Scholar Remix)"	""	"Soul Khan"	"2b44435a-890d-4cc2-968b-4c8d1c053052"	"6:30 am (Rhythm Scholar Remix)"	""	"Soul Khan"	"2b44435a-890d-4cc2-968b-4c8d1c053052"
"2012-03-18T09:27:02"	"1332062822"	"Fat Controller"	"1e1f405c-d657-4c05-b95c-e8ca7d4a23ce"	"Squarepusher"	"4d86ad4e-28d8-4e9f-8cf4-735c57060fdc"	"Fat Controller"	"1e1f405c-d657-4c05-b95c-e8ca7d4a23ce"	"Squarepusher"	"4d86ad4e-28d8-4e9f-8cf4-735c57060fdc"
"2012-03-19T14:09:05"	"1332166145"	"The Biological Break"	"28e3244e-3a30-42d5-9933-bd3fb9084f63"	"Kinobe"	"16a42379-c7bb-4498-8dd3-6ff67b5b10c6"	"Biological Break"	""	"Kinobe"	"16a42379-c7bb-4498-8dd3-6ff67b5b10c6"
"2012-03-19T14:13:56"	"1332166436"	"Theatricks"	""	"Kinobe"	"16a42379-c7bb-4498-8dd3-6ff67b5b10c6"	"Theatricks"	""	"Kinobe"	"16a42379-c7bb-4498-8dd3-6ff67b5b10c6"
"2012-03-28T22:05:05"	"1332972305"	"Misery"	"73069091-cc91-45bd-a847-bdef246d7d33"	"Gallows"	"4cb159df-bd09-4f42-bfec-09b6a248a52f"	"Misery"	"73069091-cc91-45bd-a847-bdef246d7d33"	"Gallows"	"4cb159df-bd09-4f42-bfec-09b6a248a52f"
"2012-04-21T09:08:18"	"1334999298"	"Dayvan Cowboy"	"0d337bb3-2c2e-424c-b172-640cb96d92a2"	"Boards of Canada"	"69158f97-4c07-4c4e-baf8-4e4ab1ed666e"	"Dayvan Cowboy"	"0d337bb3-2c2e-424c-b172-640cb96d92a2"	"Boards of Canada"	"69158f97-4c07-4c4e-baf8-4e4ab1ed666e"
"2012-04-21T10:58:13"	"1335005893"	"Telephasic Workshop"	"7e78ce0c-1e00-43e3-bd27-6c72ef6ed7d4"	"Boards of Canada"	"69158f97-4c07-4c4e-baf8-4e4ab1ed666e"	"Telephasic Workshop"	"7e78ce0c-1e00-43e3-bd27-6c72ef6ed7d4"	"Boards of Canada"	"69158f97-4c07-4c4e-baf8-4e4ab1ed666e"
"2012-05-06T08:48:52"	"1336294132"	"Talco Uno (feat. Jollymusic)"	""	"Prefuse 73"	"fc61dd75-880b-44ba-9ba9-c7b643d33413"	"Talco Uno (feat. Jollymusic)"	""	"Prefuse 73"	"fc61dd75-880b-44ba-9ba9-c7b643d33413"
"2012-05-07T17:14:21"	"1336410861"	"In the Waiting Line"	"b357af22-0fc3-433e-8209-9a946911a1c0"	"Zero 7"	"c23b637b-97c6-41eb-8ef6-6c724efc80a8"	"In the Waiting Line"	"b357af22-0fc3-433e-8209-9a946911a1c0"	"Zero 7"	"c23b637b-97c6-41eb-8ef6-6c724efc80a8"
"2012-07-06T06:33:20"	"1341556400"	"John Hughes - Got Me Lost (Driving in LA)  (Telefon Tel Aviv Remix)"	""	"Telefon Tel Aviv"	"453f1594-112e-4d3c-921a-8d14e9c97b2e"	"John Hughes - Got Me Lost (Driving in LA)  (Telefon Tel Aviv Remix)"	""	"Telefon Tel Aviv"	"453f1594-112e-4d3c-921a-8d14e9c97b2e"
"2012-08-02T03:22:38"	"1343877758"	"Clipper"	"37ce7c8d-0fab-42b8-962d-574132b316e9"	"Autechre"	"410c9baf-5469-44f6-9852-826524b80c61"	"Clipper"	"37ce7c8d-0fab-42b8-962d-574132b316e9"	"Autechre"	"410c9baf-5469-44f6-9852-826524b80c61"
"2012-08-04T18:21:39"	"1344104499"	"beaumonthannantwomx"	""	"Autechre"	"410c9baf-5469-44f6-9852-826524b80c61"	"beaumonthannantwomx"	""	"Autechre"	"410c9baf-5469-44f6-9852-826524b80c61"
"2012-08-08T11:26:46"	"1344425206"	"It's Fun To Smoke Dust (Queen vs. Satan)"	""	"DJ Lobsterdust"	"be00aab1-4b85-433c-92f0-39409436f8af"	"It's Fun To Smoke Dust (Queen vs. Satan)"	""	"DJ Lobsterdust"	"be00aab1-4b85-433c-92f0-39409436f8af"
"2012-10-15T05:59:08"	"1350280748"	"White Limo"	"685709f5-be90-4927-8267-65d2e31aa97d"	"Foo Fighters"	"67f66c07-6e61-4026-ade5-7e782fad3a5d"	"White Limo"	"685709f5-be90-4927-8267-65d2e31aa97d"	"Foo Fighters"	"67f66c07-6e61-4026-ade5-7e782fad3a5d"
"2012-10-24T15:00:51"	"1351090851"	"Party One / I'm So Crazy"	""	"Soulwax"	"68ec1b08-3c2e-40b3-b0af-8f323743fdff"	"Party One / I'm So Crazy"	""	"Soulwax"	"68ec1b08-3c2e-40b3-b0af-8f323743fdff"
"2012-10-31T02:32:53"	"1351650773"	"Bend Over"	"f611c94d-e6e8-48ba-97d9-dc22901a1c8a"	"Wagon Christ"	"991b8af4-328a-4441-8dc5-f7af0c89af08"	"Bend Over"	"f611c94d-e6e8-48ba-97d9-dc22901a1c8a"	"Wagon Christ"	"991b8af4-328a-4441-8dc5-f7af0c89af08"
"2012-10-31T02:46:10"	"1351651570"	"Plug Me In"	""	"Squarepusher"	"4d86ad4e-28d8-4e9f-8cf4-735c57060fdc"	"Plug Me In"	""	"Squarepusher"	"4d86ad4e-28d8-4e9f-8cf4-735c57060fdc"
"2012-11-12T21:54:57"	"1352757297"	"Shout 2000"	"192c82c6-cf19-4bc7-a999-4fe910050ad7"	"Disturbed"	"448579df-6b71-4c98-a8ba-5f8be40f2b90"	"Shout 2000"	"192c82c6-cf19-4bc7-a999-4fe910050ad7"	"Disturbed"	"448579df-6b71-4c98-a8ba-5f8be40f2b90"
"2015-03-01T18:30:49"	"1425234649"	"Kevin's"	"e7d42e89-d45b-4b4a-a75e-59ee072dffd5"	"Sharon Van Etten"	"5a2e9cd3-010a-4aae-9f83-629253284202"	"Kevin's"	"e7d42e89-d45b-4b4a-a75e-59ee072dffd5"	"Sharon Van Etten"	"5a2e9cd3-010a-4aae-9f83-629253284202"
"2015-03-01T18:30:54"	"1425234654"	"Kevin's"	"e7d42e89-d45b-4b4a-a75e-59ee072dffd5"	"Sharon Van Etten"	"5a2e9cd3-010a-4aae-9f83-629253284202"	"Kevin's"	"e7d42e89-d45b-4b4a-a75e-59ee072dffd5"	"Sharon Van Etten"	"5a2e9cd3-010a-4aae-9f83-629253284202"
